Code,Credits
MA1101,4
PH1101,3
CY1101,3
EA1101,3
ID1101,2
HS1101,2
ES2101,4
CY1202,3
ES1101,4
PH1202,3
MA1202,4
CY1204,2
PH1103,2
EA1103,2
EA1202,2
ES103M,4
EA101M,3
CY101L,3
CY102L,3
ES101M,2
MA101L,4
PH101L,3
PH103P,2
CY103P,2
EA102P,2
HS101N,2
HS102N,2
HS103N,2
HS104N,2
HS105N,2
ES201L,4
MA102L,4
PH102L,3
EA103P,2
ES203L,2
ES202L,2
CH201L,3
CH202L,4
CH203G,1
CH202P,2
ES102L,4
CH204L,4
CH205L,3
CH206L,3
CH207G,1
CH205P,2
MA201L,3
MA202L,3
MA203L,3
MA204L,3
HS203L,3
HS2211,3
HS204L,3
HS2021,3
HS205L,3
HS2022,3
HS206L,3
HS2024,3
HS207L,3
HS2023,3
CH301L,3
CH302L,3
CH303L,3
CH304M,5
CH305G,1
CH302P,2
CH306L,3
CH307L,3
CH308M,4
CH309G,1
CH306P,2
CH307P,2
CH391G,2
CH401L,3
CH402L,3
CH491G,3
CH404L,3
CH492G,6
HS401L,2
CH493N,1
CS201L,3
CS2103,3
CS202M,4
CS2105,4
CS203L,3
CS2204,3
CS203P,2
CS2292,2
CS204L,4
CS2206,4
CS204P,2
CS2294,2
CS205L,3
CS2202,3
CS206L,4
CS2101,4
CS206P,2
CS2191,2
CS301L,3
CS3103,3
CS301P,2
CS3191,2
CS302L,3
CS3105,3
CS302P,2
CS3294,2
CS303L,3
CS3109,3
CS303P,2
CS3296,2
CS304L,3
CS3101,3
CS305L,3
CS3107,3
CS305P,2
CS3193,2
CS306L,3
CS3202,3
CS306P,2
CS3292,2
CS307L,3
HS1103,2
HS1105,2
HS1107,2
HS1109,2
HS201L,3
HS2020,3
HS202L,3
HS2030,3
HS208L,3
HS301L,3
HS3020,3
HS302L,3
HS3040,3
HS303L,3
HS3050,3
HS304L,3
HS3030,3
HS305L,3
HS3060,3
HS306L,3
HS3221,3
HS308L,3
HS3023,3
HS307L,3
HS3021,3
HS309L,3
HS3022,3
HS310L,3
HS402L,3
HS4121,3
HS403L,3
HS4021,3
HS404L,3
HS4122,3
HS405L,3
HS4022,3
HS501L,3
HS5021,3
HS502L,3
HS5022,3
HS503L,2
HS5023,2
HS504L,3
HS5024,3
HS505L,1
HS5025,1
HS506L,1
HS5026,1
HS507L,3
HS5027,3
HS508L,3
HS5028,3
HS509L,3
HS5029,3
HS510L,3
HS5030,3
HS511L,3
HS5031,3
HS512L,3
HS5032,3
HS513L,3
HS5033,3
HS514L,3
HS5034,3
HS515L,3
HS5035,3
HS516L,3
HS5036,3
HS517L,3
HS5037,3
HS518L,3
HS5038,3
HS601L,3
HS6101,3
HS602L,3
HS6102,3
HS603L,3
HS6103,3
HS604L,3
HS6104,3
HS605L,3
HS6022,3
HS606L,3
HS6021,3
HS607L,3
HS6023,3
HS608L,3
HS6024,3
HS609L,3
HS6025,3
HS610L,3
HS6026,3
HS611L,3
HS6027,3
HS612L,3
HS6028,3
HS613L,3
HS6029,3
HS614L,3
HS6105,3
HS615L,3
HS6030,3
HS616L,3
HS6031,3
HS617L,3
HS6032,3
HS618L,3
HS6033,3
HS619L,2
HS6034,2
HS620L,1
HS6035,1
HS621L,2
HS6036,2
HS622L,2
HS6037,2
HS623L,2
HS6038,2
HS624L,2
HS6039,2
HS625L,3
HS6040,3
HS626L,3
HS701L,3
HS7105,3
HS702L,3
HS7103,3
HS703L,3
HS7101,3
HS704L,3
HS7202,3
HS705L,3
HS7204,3
HS706L,3
HS7206,3
HS707L,3
HS7021,3
HS708L,3
HS7022,3
HS709L,3
HS7023,3
HS710L,3
HS7024,3
ID301L,3
ID3022,3
ID501L,3
ID5101,3
ID502L,3
ID5022,3
ID503L,3
ID5021,3
ID504L,3
ID601L,3
ID6101,3
ID6020,2
ID602N,2
CH2101,4
CH2103,3
CH2191,2
CH2150,1
CH2202,4
CH2204,3
CH2292,2
CH2206,3
CH2250,1
CH3191,2
CH407L,3
CH4021,3
CH408L,3
CH4023,3
CH501L,3
CH5021,3
CH502L,3
CH5022,3
CH503L,3
CH5023,3
CH504L,3
CH5024,3
CH505L,3
CH5025,3
CH506M,4
CH5026,4
CH507L,3
CH5028,3
CH508L,3
CH5029,3
CH509L,3
CH5027,3
CH510L,3
CH5030,3
CH511L,3
CH5031,3
CH512L,3
CH5032,3
CH513L,3
CH514L,3
CH515L,3
CH516M,3
CH517L,3
CY501L,3
CY5101,3
CY502L,3
CY5103,3
CY503L,3
CY5105,3
CY504L,3
CY5107,3
CY505L,3
CY5109,3
CY506P,4
CY5191,4
CY507L,3
CY5202,3
CY508L,3
CY5204,3
CY509L,3
CY5206,3
CY5208,3
CY510L,3
CY511M,4
CY5210,4
CY512P,4
CY5292,4
CY513L,3
CY5022,3
CY514L,3
CY5027,3
CY515L,3
CY5021,3
CY516L,3
CY5023,3
CY601L,3
CY6101,3
CY602L,3
CY6103,3
CY603P,4
CY6191,4
CY604L,3
CY6202,3
CY605L,3
CY6024,3
CY606L,3
CY6025,3
CY607L,3
PH501M,4
PH5109,4
PH502L,4
PH5105,4
PH503L,4
PH5103,4
PH504M,4
PH5210,4
PH505L,4
PH5208,4
PH506L,3
PH5101,3
PH507L,3
PH5202,3
PH508P,2
PH5191,2
PH509P,2
PH5292,2
PH510L,4
PH5107,4
PH511L,4
PH5204,4
PH512L,4
PH5206,4
PH513L,3
PH5021,3
PH601L,3
PH6101,3
PH602L,3
PH6103,3
PH603P,4
PH6191,4
PH604L,3
PH6202,3
PH605L,3
PH6021,3
PH606L,3
PH6022,3
PH607L,3
PH6023,3
PH608L,3
PH6121,3
PH612L,3
PH6203,3
PH701L,3
PH7021,3
PH702L,4
PH7101,4
PH703L,4
PH7103,4
MA2021,3
MA2022,3
MA2024,3
MA2023,3
MA501L,2
MA5021,2
MA502L,2
MA5023,2
MA503L,2
MA5022,2
MA504L,3
MA5103,3
MA505L,3
MA5111,3
MA506L,3
MA5109,3
MA507P,2
MA5191,2
MA508L,3
MA5115,3
MA509L,3
MA5210,3
MA510L,4
MA5202,4
MA511L,4
MA5204,4
MA512L,4
MA5113,4
MA513L,4
MA5107,4
MA514L,4
MA5208,4
MA601L,3
MA6105,3
MA602L,3
MA6107,3
MA603L,3
MA6109,3
MA604M,4
MA6204,4
MA606L,3
MA6029,3
MA607L,3
MA6102,3
MA608L,3
MA6022,3
MA609L,3
MA6101,3
MA610L,3
MA6028,3
MA611L,3
MA6023,3
MA612L,3
MA6024,3
MA613L,3
MA6103,3
MA614L,3
MA6021,3
MA615L,3
MA6202,3
MA616L,3
MA6036,3
MA617L,3
MA6031,3
MA618L,3
MA6025,3
MA619L,3
MA6033,3
MA620L,3
MA6037,3
MA621L,3
MA6026,3
MA622L,3
MA6034,3
MA623L,3
MA6038,3
MA624L,3
MA6032,3
MA625L,3
MA6030,3
MA626L,3
MA6035,3
MA627L,3
MA6027,3
MA628L,3
MA6039,3
MA629L,3
MA6040,3
MA701L,3
MA7021,3
MA702L,3
MA7105,3
MA703L,3
MA7107,3
MA704L,3
MA7103,3
MA705L,3
MA7101,3
CE201L,4
CE2101,4
CE202L,3
CE2105,3
CE203L,3
CE2103,3
CE203P,2
CE2191,2
CE204L,4
CE2204,4
CE205P,2
CE2294,2
CE206L,4
CE2202,4
CE206P,2
CE2292,2
CE207L,4
CE2206,4
CE301L,4
CE3101,4
CE302L,4
CE3103,4
CE303L,4
CE3105,4
CE304P,2
CE3193,2
CE305P,2
CE3191,2
CE306L,4
CE3202,4
CE307L,4
CE3204,4
CE308L,4
CE3206,4
CE308P,2
CE3292,2
CE309L,3
CE3107,3
CE310L,3
CE3021,3
CE401L,4
CE4101,4
CE402L,2
CE4103,2
CE501L,3
CE5121,3
CE502L,3
CE5101,3
CE503L,3
CE5102,3
CE504L,3
CE5111,3
CE505L,3
CE5021,3
CE506L,3
CE5117,3
CE507L,3
CE5211,3
CE508L,3
CE5115,3
CE509L,3
CE5113,3
CE510L,3
CE5022,3
CE511L,3
CE5023,3
CE512L,3
CE5024,3
CE513L,3
CE5025,3
CE514L,3
CE5108,3
CE515L,3
CE5204,3
CE516P,2
CE5193,2
CE517L,3
CE5105,3
CE518L,3
CE5106,3
CE519L,3
CE5202,3
CE520L,3
CE5028,3
CE521L,3
CE522P,2
CE5291,2
CE523M,3
CE5026,3
CE524L,3
CE5027,3
CE525M,3
CE526L,3
CE5206,3
CE526P,2
CE5294,2
CE527P,2
CE5191,2
CE528L,3
CE529P,2
CE5195,2
CE530L,3
CE5104,3
CE531L,3
CE5030,3
CE532L,3
CE5107,3
CE533L,3
CE5109,3
CE533P,2
CE5197,2
CE534L,3
CE5112,3
CE534P,2
CE5199,2
CE535L,3
CE5033,3
CE536L,3
CE5031,3
CE537L,3
CE5032,3
CE538L,3
CE5034,3
CE539L,3
CE540L,3
CE541M,3
ME201L,3
ME2101,3
ME202M,4
ME2103,4
ME203M,4
ME2105,4
ME204M,4
ME2202,4
ME205M,4
ME2206,4
ME206M,4
ME2204,4
ME301M,5
ME3103,5
ME302L,4
ME3105,4
ME303M,5
ME3101,5
ME304M,4
ME3107,4
ME305L,4
ME3202,4
ME306P,4
ME3292,4
ME307M,4
ME3204,4
ME308M,4
ME401M,5
ME4101,5
ME402L,3
ME4103,3
ME403M,4
ME4202,4
ME404L,3
ME4204,3
ME501M,3
ME5101,3
ME502L,3
ME5102,3
ME503L,3
ME5103,3
ME504L,3
ME5111,3
ME505M,3
ME5022,3
ME506L,3
ME5029,3
ME507L,3
ME5023,3
ME508L,3
ME5030,3
ME509L,3
ME5204,3
ME510L,3
ME5206,3
ME511M,3
ME5208,3
ME512L,3
ME5202,3
ME513L,3
ME5025,3
ME514L,3
ME5031,3
ME515L,3
ME5104,3
ME516L,3
ME5210,3
ME517L,3
ME5032,3
ME518P,2
ME5191,2
ME519L,3
ME5027,3
ME520L,3
ME5221,3
ME521M,4
ME5033,4
ME522L,3
ME5222,3
ME523L,3
ME5223,3
ME524L,3
ME5034,3
ME525L,3
ME5105,3
ME526P,2
ME5292,2
ME527L,3
ME5035,3
ME529L,3
ME5036,3
ME530L,3
ME5037,3
ME531L,3
ME5038,3
ME532L,3
ME5039,3
ME533L,3
ME5040,3
ME534L,3
ME5041,3
ME535P,2
ME5192,2
ME539L,3
ME5107,3
ME601L,3
ME6021,3
ME602L,3
ME6221,3
ME603L,3
ME6022,3
ME604L,3
ME6023,3
ME605L,3
ME6024,3
ME606L,3
ME6025,3
ME607L,3
ME6026,3
ME608L,3
ME611L,3
ME6027,3
ME701L,3
ME7021,3
ME702L,3
ME7221,3
CS3204,3
CS308M,4
CS3206,4
CS401L,3
CS4101,3
CS401P,2
CS4191,2
CS402N,
IL4101,
CS501L,3
CS5101,3
CS502L,3
CS5021,3
CS503L,3
CS503P,2
CS5191,2
CS504L,3
CS5022,3
CS505L,3
CS5023,3
CS506L,3
CS5202,3
CS507L,3
CS5024,3
CS508L,3
CS5026,3
CS509L,3
CS5025,3
CS510L,3
CS5027,3
CS511L,3
CS5222,3
CS512L,3
CS5221,3
CS513L,3
CS5223,3
CS514L,3
CS5204,3
CS515L,3
CS5107,3
CS516L,3
CS5109,3
CS516P,2
CS5195,2
CS517L,3
CS5226,3
CS518L,3
CS519L,3
CS5103,3
CS519P,2
CS5292,2
CS520L,3
CS5105,3
CS521L,3
CS5225,3
CS522L,3
CS5206,3
CS523L,3
CS5208,3
CS524L,3
CS5229,3
CS525L,3
CS5228,3
CS526L,3
CS5227,3
CS527L,3
CS5232,3
CS528L,3
CS5231,3
CS529L,3
CS5230,3
CS530L,1
CS5028,1
CS531L,3
CS5029,3
CS532L,3
CS5030,3
CS533L,3
CS5224,3
CS534L,3
CS5233,3
CS535L,3
CS5032,3
CS536L,3
CS5031,3
CS537L,3
CS601L,3
CS6101,3
CS601P,2
CS6191,2
CS699L,3
CS6999,3
CS6911,3
CS603L,3
CS6021,3
CS604L,3
CS6022,3
CS799L,3
CS7999,3
CS7911,3
CS493N,1
CE493N,1
ME493N,1
EE493N,1
ES2103,2
BS2101,2
ES1201,4
EE201L,4
EE2202,4
EE202M,4
EE2204,4
EE203L,4
EE2208,4
EE204M,5
EE2206,5
EE205L,4
EE2103,4
EE206L,4
EE2101,4
EE206P,2
EE2191,2
EE301L,4
EE3101,4
EE301P,2
EE3191,2
EE302L,4
EE3103,4
EE302P,2
EE3193,2
EE303L,4
EE3105,4
EE304L,4
EE3107,4
EE305L,4
EE3202,4
EE306M,4
EE3204,4
EE307L,3
EE3021,3
EE401L,4
EE4101,4
EE403P,2
EE4191,2
EE404L,3
EE4022,3
EE405L,3
EE4023,3
EE501L,3
EE5107,3
EE502L,3
EE5101,3
EE503L,3
EE5102,3
EE504L,3
EE5104,3
EE505L,3
EE5105,3
EE506L,3
EE5106,3
EE507L,3
EE5113,3
EE507P,2
EE5294,2
EE508L,3
EE5024,3
EE509L,3
EE5022,3
EE509P,2
EE5292,2
EE510L,3
EE5202,3
EE510P,2
EE511L,3
EE5025,3
EE512L,3
EE5026,3
EE513L,3
EE5204,3
EE514L,3
EE5028,3
EE515L,3
EE5027,3
EE516L,3
EE5029,3
EE517L,3
EE5030,3
EE518L,3
EE5031,3
EE519L,3
EE5032,3
EE520L,3
EE5033,3
EE521M,3
EE5035,3
EE522L,3
EE5037,3
EE523L,3
EE5103,3
EE523P,2
EE5193,2
EE524L,3
EE5038,3
EE525L,3
EE5040,3
EE526L,3
EE5034,3
EE527L,3
EE527P,2
EE5191,2
EE528L,3
EE5053,3
EE529L,3
EE5052,3
EE530L,3
EE5041,3
EE531L,3
EE5042,3
EE532L,3
EE5043,3
EE533P,2
EE5298,2
EE534P,2
EE5195,2
EE535L,3
EE5109,3
EE536P,2
EE5296,2
EE537L,3
EE5044,3
EE538L,3
EE5045,3
EE539L,3
EE5046,3
EE540L,3
EE5023,3
EE541L,3
EE5047,3
EE542L,4
EE5039,4
EE543L,3
EE5049,3
EE544L,3
EE5048,3
EE545M,3
EE5127,3
EE546L,3
EE5051,3
EE547L,3
EE5036,3
EE548L,3
EE5054,3
EE549L,3
EE5055,3
EE550L,3
EE5056,3
EE551L,3
EE5057,3
EE552L,3
EE5058,3
EE553L,3
EE5059,3
EE554P,2
EE555L,3
EE556L,3
EE557P,2
EE5194,2
EE558P,2
EE5192,2
EE559M,3
EE560L,3
EE561L,3
EE562L,3
EE601L,3
EE6021,3
EE602L,3
EE6022,3
EE603L,3
EE6023,3
EE604L,3
EE6024,3
CH694G,2
CH691G,10
CH692G,15
CE691G,10
CE692G,15
CE693G,1
CS693G,1
CS691G,10
CS692G,15
EE694G,1
EE691G,10
EE692G,15
ME695G,2
ME691G,10
ME692G,15
CY691G,3
CY6150,3
CY692G,9
CY6250,9
MA691G,2
MA6250,2
PH693G,1
PH6111,1
PH691G,3
PH6150,3
PH692G,6
PH6250,6
HS691G,5
HS6150,5
HS692G,20
HS6250,20
CE6110,1
CE6150,10
CE6250,15
CS6110,1
CS6150,10
CS6250,15
EE6110,2
EE6150,10
EE6250,15
ME6111,2
ME6150,10
ME6250,15